timestep,episode,mean_reward,mean_length,success_rate,mean_coverage,invalid_rate,critic1_loss,critic2_loss,actor_loss,alpha_loss,alpha,q1_mean,unique_tilings,wall_time
10000,1439,0.6716,7.00,0.0000,0.7000,0.0000,0.000000,0.000000,0.000000,0.000000,0.100000,0.0000,0,0.9
20000,2875,0.6726,7.01,0.0000,0.7010,0.0000,0.099624,0.101759,-0.242105,-2.009395,0.099970,0.0061,0,2.2
30000,4220,0.7353,7.69,0.0000,0.7690,0.0000,0.000121,0.000112,-0.443714,-0.247707,0.007935,0.4209,0,107.4
40000,5514,0.7473,7.82,0.0000,0.7820,0.0000,0.000062,0.000057,-0.460785,-0.236329,0.008526,0.4361,0,214.1
50000,6797,0.7409,7.75,0.0000,0.7750,0.0000,0.000061,0.000072,-0.459622,-0.077520,0.009427,0.4360,1,321.0
60000,8074,0.7537,7.89,0.0000,0.7890,0.0000,0.000101,0.000082,-0.458535,0.058109,0.009997,0.4374,1,428.5
70000,9349,0.7583,7.94,0.0000,0.7940,0.0000,0.000118,0.000103,-0.456107,0.187895,0.010559,0.4309,2,535.4
80000,10620,0.7436,7.78,0.0000,0.7780,0.0000,0.000124,0.000124,-0.458811,0.019460,0.010565,0.4386,2,641.2
90000,11889,0.7416,7.76,0.0000,0.7760,0.0000,0.000111,0.000092,-0.457425,0.421383,0.010990,0.4362,3,744.9
100000,13151,0.7536,7.89,0.0000,0.7890,0.0000,0.000100,0.000110,-0.448567,0.443009,0.011065,0.4294,4,848.9
110000,14412,0.7619,7.98,0.0000,0.7980,0.0000,0.000146,0.000124,-0.451884,0.356205,0.011149,0.4337,6,953.1
120000,15667,0.7610,7.97,0.0000,0.7970,0.0000,0.000160,0.000129,-0.467359,-0.140117,0.011018,0.4475,6,1059.6
130000,16923,0.7802,8.07,0.0100,0.8070,0.0000,0.000173,0.000200,-0.441180,0.515192,0.011249,0.4236,8,1167.1
140000,18176,0.7500,7.85,0.0000,0.7850,0.0000,0.000668,0.000673,-0.474620,-0.230533,0.011330,0.4549,9,1274.7
150000,19433,0.7721,8.09,0.0000,0.8090,0.0000,0.000193,0.000223,-0.467737,-0.185913,0.011215,0.4485,15,1382.7
160000,20678,0.7820,8.09,0.0100,0.8090,0.0000,0.000218,0.000244,-0.477964,-0.242730,0.011266,0.4586,20,1490.5
170000,21922,0.7711,8.08,0.0000,0.8080,0.0000,0.000211,0.000232,-0.450041,0.381535,0.011202,0.4313,20,1598.5
180000,23170,0.7638,8.00,0.0000,0.8000,0.0000,0.000575,0.000525,-0.468862,-0.239778,0.011303,0.4515,23,1703.5
190000,24414,0.7656,8.02,0.0000,0.8020,0.0000,0.000203,0.000251,-0.478648,-0.564899,0.011580,0.4600,26,1807.7
200000,25654,0.7657,8.02,0.0000,0.8020,0.0000,0.000316,0.000369,-0.447310,0.386596,0.011434,0.4300,28,1911.5
210000,26898,0.7911,8.08,0.0200,0.8080,0.0000,0.000291,0.000265,-0.468884,-0.338757,0.011432,0.4502,36,2017.6
220000,28130,0.7848,8.23,0.0000,0.8230,0.0000,0.000309,0.000351,-0.455964,-0.271245,0.011416,0.4378,37,2125.0
230000,29361,0.7802,8.07,0.0100,0.8070,0.0000,0.000282,0.000312,-0.452721,0.256569,0.011307,0.4320,43,2232.4
240000,30594,0.7838,8.11,0.0100,0.8110,0.0000,0.000281,0.000236,-0.486021,-0.452719,0.011121,0.4673,49,2340.1
250000,31824,0.7839,8.11,0.0100,0.8110,0.0000,0.000474,0.000432,-0.457470,0.194285,0.011227,0.4416,52,2448.1
260000,33052,0.7957,8.24,0.0100,0.8240,0.0000,0.000322,0.000405,-0.447686,0.256102,0.011316,0.4316,55,2553.8
270000,34283,0.7829,8.10,0.0100,0.8100,0.0000,0.000509,0.000449,-0.445335,0.233644,0.011192,0.4291,60,2657.7
280000,35508,0.7911,8.19,0.0100,0.8190,0.0000,0.000821,0.000984,-0.463337,-0.018620,0.011394,0.4476,68,2761.8
290000,36736,0.8229,8.21,0.0400,0.8210,0.0000,0.000591,0.000583,-0.467420,-0.232194,0.012349,0.4493,69,2866.0
300000,37953,0.8783,8.27,0.0900,0.8270,0.0000,0.001497,0.001647,-0.456633,0.312224,0.013694,0.4365,71,2973.1
310000,39141,1.0972,8.59,0.2800,0.8590,0.0000,0.001413,0.001245,-0.517322,-0.013016,0.018695,0.4742,75,3080.3
320000,40224,1.7623,9.64,0.8500,0.9640,0.0000,0.001866,0.001713,-0.634978,0.415680,0.028527,0.5394,77,3187.5
330000,41231,1.9450,10.00,1.0000,1.0000,0.0000,0.000575,0.000593,-0.723007,0.108469,0.029860,0.5998,77,3295.4
340000,42232,1.9450,10.00,1.0000,1.0000,0.0000,0.000450,0.000478,-0.768962,-0.054037,0.033782,0.6497,77,3402.8
350000,43234,1.9332,9.98,0.9900,0.9980,0.0000,0.000411,0.000428,-0.820675,-0.204176,0.040784,0.6958,77,3508.1
360000,44235,1.9450,10.00,1.0000,1.0000,0.0000,0.000448,0.000463,-0.843368,0.106882,0.050669,0.7268,77,3612.1
370000,45243,1.8651,9.89,0.9300,0.9890,0.0000,0.000362,0.000461,-0.949421,0.079112,0.054383,0.8371,77,3716.0
380000,46260,1.8468,9.80,0.9200,0.9800,0.0000,0.000408,0.000404,-0.896264,-0.268606,0.056462,0.7752,77,3820.8
390000,47292,1.7269,9.58,0.8200,0.9580,0.0000,0.000524,0.000496,-0.970945,-0.014146,0.058259,0.8506,77,3927.4
400000,48333,1.6778,9.48,0.7800,0.9480,0.0000,0.000350,0.000367,-0.976367,0.034265,0.059512,0.8644,77,4035.3
410000,49387,1.7132,9.54,0.8100,0.9540,0.0000,0.000415,0.000365,-0.999767,0.069148,0.060088,0.8873,77,4143.2
420000,50452,1.4305,8.96,0.5800,0.8960,0.0000,0.000322,0.000332,-1.015017,0.431327,0.061047,0.9035,77,4251.3
430000,51537,1.5159,9.13,0.6500,0.9130,0.0000,0.000494,0.000411,-1.063848,0.070363,0.061376,0.9560,77,4356.5
440000,52621,1.4733,9.10,0.6100,0.9100,0.0000,0.000331,0.000346,-1.035840,0.111323,0.062289,0.9314,77,4460.7
450000,53725,1.5078,9.15,0.6400,0.9150,0.0000,0.000354,0.000411,-1.085803,-0.216640,0.062822,0.9759,77,4564.6
460000,54831,1.4551,9.01,0.6000,0.9010,0.0000,0.000411,0.000486,-1.020444,0.067630,0.063308,0.9097,77,4669.0
470000,55952,1.4641,9.00,0.6100,0.9000,0.0000,0.000450,0.000374,-1.011720,-0.077544,0.063947,0.9051,77,4775.9
480000,57070,1.4251,9.01,0.5700,0.9010,0.0000,0.000380,0.000377,-1.108787,-0.011980,0.063960,1.0048,77,4883.3
490000,58196,1.4096,8.95,0.5600,0.8950,0.0000,0.000345,0.000322,-1.084495,0.194496,0.064459,0.9832,77,4991.1
500000,59321,1.3842,8.89,0.5400,0.8890,0.0000,0.000356,0.000429,-1.114487,0.068925,0.065386,1.0104,77,5099.0
510000,60452,1.2996,8.73,0.4700,0.8730,0.0000,0.000438,0.000396,-1.147495,-0.265455,0.065174,1.0319,78,5207.2
520000,61595,1.3733,8.88,0.5300,0.8880,0.0000,0.000347,0.000368,-1.084870,0.002829,0.066133,0.9738,78,5315.4
530000,62729,1.3504,8.74,0.5200,0.8740,0.0000,0.000428,0.000418,-1.121110,0.016181,0.066162,1.0167,78,5423.5
540000,63873,1.2151,8.57,0.4000,0.8570,0.0000,0.000447,0.000465,-1.133682,-0.100114,0.066847,1.0276,78,5531.8
550000,65006,1.3932,8.88,0.5500,0.8880,0.0000,0.000406,0.000415,-1.126552,0.272599,0.067097,1.0234,79,5640.1
560000,66162,1.2351,8.57,0.4200,0.8570,0.0000,0.000428,0.000443,-1.146178,-0.188141,0.067545,1.0377,79,5748.3
570000,67309,1.4050,8.90,0.5600,0.8900,0.0000,0.000407,0.000470,-1.160412,-0.185291,0.068231,1.0459,79,5853.8
580000,68453,1.2768,8.59,0.4600,0.8590,0.0000,0.000460,0.000329,-1.114328,-0.066520,0.068438,1.0005,81,5957.9
590000,69603,1.2386,8.50,0.4300,0.8500,0.0000,0.000437,0.000449,-1.101130,0.014164,0.068678,0.9922,81,6062.2
600000,70750,1.3633,8.88,0.5200,0.8880,0.0000,0.000385,0.000399,-1.126305,0.087107,0.069484,1.0184,81,6166.1
610000,71901,1.3643,8.89,0.5200,0.8890,0.0000,0.000458,0.000401,-1.106968,0.252266,0.069617,1.0081,81,6272.6
620000,73054,1.2332,8.55,0.4200,0.8550,0.0000,0.000428,0.000373,-1.205848,-0.038477,0.070150,1.0858,81,6380.0
630000,74210,1.2259,8.47,0.4200,0.8470,0.0000,0.000502,0.000499,-1.175112,0.067519,0.070414,1.0652,81,6487.2
640000,75360,1.3270,8.81,0.4900,0.8810,0.0000,0.000529,0.000543,-1.145188,0.140320,0.070951,1.0307,81,6594.8
650000,76522,1.2651,8.68,0.4400,0.8680,0.0000,0.000559,0.000664,-1.152789,0.261289,0.071004,1.0495,81,6702.5
660000,77675,1.2678,8.60,0.4500,0.8600,0.0000,0.000383,0.000432,-1.195654,-0.030144,0.071357,1.0805,82,6810.6
670000,78823,1.1897,8.51,0.3800,0.8510,0.0000,0.000442,0.000476,-1.116673,-0.102657,0.071360,0.9997,82,6918.5
680000,79982,1.2297,8.62,0.4100,0.8620,0.0000,0.000825,0.000763,-1.181319,0.282641,0.071980,1.0716,82,7026.3
690000,81139,1.3214,8.75,0.4900,0.8750,0.0000,0.000479,0.000443,-1.191258,0.204732,0.072097,1.0850,82,7134.2
700000,82292,1.3351,8.79,0.5000,0.8790,0.0000,0.000469,0.000480,-1.182507,-0.207992,0.072292,1.0559,82,7242.2
710000,83448,1.2006,8.52,0.3900,0.8520,0.0000,0.000456,0.000386,-1.158999,0.051104,0.072993,1.0432,82,7350.4
720000,84598,1.3240,8.67,0.5000,0.8670,0.0000,0.000489,0.000442,-1.129353,0.004129,0.073050,1.0149,82,7458.7
730000,85741,1.2188,8.61,0.4000,0.8610,0.0000,0.000588,0.000504,-1.183979,0.048140,0.073623,1.0672,84,7566.6
740000,86899,1.3087,8.72,0.4800,0.8720,0.0000,0.000488,0.000445,-1.200179,0.124499,0.073477,1.0853,84,7674.8
750000,88063,1.2696,8.62,0.4500,0.8620,0.0000,0.000378,0.000439,-1.229704,-0.190005,0.073774,1.1099,84,7782.9
760000,89211,1.2332,8.55,0.4200,0.8550,0.0000,0.000513,0.000431,-1.212823,-0.107085,0.073811,1.0916,84,7891.1
770000,90358,1.2888,8.72,0.4600,0.8720,0.0000,0.000458,0.000483,-1.186990,0.137273,0.074688,1.0728,84,7999.0
780000,91511,1.3377,8.71,0.5100,0.8710,0.0000,0.000473,0.000449,-1.194094,0.035103,0.074425,1.0776,84,8107.0
790000,92669,1.3051,8.68,0.4800,0.8680,0.0000,0.000450,0.000486,-1.215024,-0.234117,0.075098,1.0976,84,8215.5
800000,93823,1.3187,8.72,0.4900,0.8720,0.0000,0.000448,0.000433,-1.235807,0.062485,0.075086,1.1199,84,8323.5
810000,94981,1.3105,8.74,0.4800,0.8740,0.0000,0.000415,0.000397,-1.164741,-0.004642,0.074845,1.0509,84,8431.5
820000,96140,1.1869,8.48,0.3800,0.8480,0.0000,0.000526,0.000503,-1.221277,-0.058230,0.075400,1.0994,84,8539.1
830000,97289,1.2869,8.70,0.4600,0.8700,0.0000,0.000545,0.000538,-1.168296,0.050041,0.075689,1.0520,87,8644.0
840000,98445,1.2950,8.68,0.4700,0.8680,0.0000,0.000458,0.000456,-1.222420,0.282277,0.075470,1.1173,87,8748.3
850000,99601,1.3323,8.76,0.5000,0.8760,0.0000,0.000490,0.000571,-1.206757,-0.239866,0.075979,1.0767,87,8852.5
860000,100750,1.3224,8.76,0.4900,0.8760,0.0000,0.000489,0.000444,-1.189261,0.183526,0.076560,1.0820,87,8958.1
870000,101903,1.2497,8.62,0.4300,0.8620,0.0000,0.000449,0.000544,-1.230624,0.188564,0.076466,1.1170,87,9065.0
880000,103049,1.3342,8.78,0.5000,0.8780,0.0000,0.000563,0.000508,-1.197350,-0.328643,0.076882,1.0631,87,9172.4
890000,104202,1.2305,8.52,0.4200,0.8520,0.0000,0.000509,0.000578,-1.229305,-0.220482,0.076889,1.1053,87,9280.0
900000,105354,1.2659,8.58,0.4500,0.8580,0.0000,0.000408,0.000409,-1.224973,0.046118,0.076952,1.1021,87,9387.8
910000,106513,1.2877,8.60,0.4700,0.8600,0.0000,0.000565,0.000573,-1.206281,0.052676,0.077129,1.0813,87,9495.4
920000,107666,1.2860,8.69,0.4600,0.8690,0.0000,0.000406,0.000434,-1.234570,-0.186119,0.077528,1.1145,87,9603.4
930000,108812,1.3432,8.77,0.5100,0.8770,0.0000,0.000507,0.000401,-1.217808,0.150492,0.077121,1.0976,87,9711.8
940000,109967,1.2732,8.55,0.4600,0.8550,0.0000,0.000512,0.000434,-1.273641,-0.193340,0.077698,1.1390,87,9820.0
950000,111119,1.2341,8.56,0.4200,0.8560,0.0000,0.000479,0.000458,-1.220648,0.199138,0.077958,1.1015,87,9927.9
960000,112282,1.2342,8.56,0.4200,0.8560,0.0000,0.000531,0.000465,-1.259757,-0.137098,0.078037,1.1356,87,10035.7
970000,113427,1.3986,8.83,0.5600,0.8830,0.0000,0.000469,0.000454,-1.268820,-0.103557,0.078202,1.1407,88,10143.7
980000,114595,1.2469,8.59,0.4300,0.8590,0.0000,0.000430,0.000420,-1.228581,0.058018,0.078494,1.1129,88,10252.1
990000,115750,1.2788,8.72,0.4500,0.8720,0.0000,0.000451,0.000420,-1.297162,0.036295,0.078795,1.1719,88,10360.1
1000000,116908,1.3777,8.82,0.5400,0.8820,0.0000,0.000497,0.000478,-1.246030,0.139064,0.078656,1.1210,90,10468.2
1010000,118065,1.1788,8.50,0.3700,0.8500,0.0000,0.000469,0.000518,-1.282148,0.205760,0.079303,1.1574,91,10576.9
1020000,119244,1.1559,8.36,0.3600,0.8360,0.0000,0.000533,0.000545,-1.190669,0.018644,0.080307,1.0689,91,10685.3
1030000,120421,1.1177,8.27,0.3300,0.8270,0.0000,0.000561,0.000499,-1.288856,0.166216,0.080418,1.1673,91,10793.4
1040000,121600,1.0869,8.26,0.3000,0.8260,0.0000,0.000404,0.000402,-1.353596,-0.103639,0.080689,1.2311,92,10901.8
1050000,122781,1.1542,8.45,0.3500,0.8450,0.0000,0.000523,0.000562,-1.269723,0.155075,0.080261,1.1515,92,11010.3
1060000,123965,1.1278,8.38,0.3300,0.8380,0.0000,0.000486,0.000499,-1.261976,0.017824,0.081222,1.1383,92,11118.7
1070000,125154,1.0770,8.26,0.2900,0.8260,0.0000,0.000458,0.000534,-1.292009,0.080296,0.081908,1.1668,92,11226.9
1080000,126352,1.0840,8.23,0.3000,0.8230,0.0000,0.000519,0.000400,-1.263003,0.021772,0.082346,1.1339,92,11335.1
1090000,127559,1.0804,8.19,0.3000,0.8190,0.0000,0.000398,0.000415,-1.353962,-0.035006,0.082832,1.2279,92,11443.3
1100000,128762,1.1760,8.47,0.3700,0.8470,0.0000,0.000475,0.000496,-1.300896,-0.036436,0.083307,1.1725,92,11551.3
1110000,129969,1.1079,8.38,0.3100,0.8380,0.0000,0.000521,0.000499,-1.306728,0.286381,0.083859,1.1942,92,11659.7
1120000,131188,1.1123,8.32,0.3200,0.8320,0.0000,0.000508,0.000537,-1.321036,-0.032294,0.084136,1.1952,92,11768.0
1130000,132405,1.0269,8.15,0.2500,0.8150,0.0000,0.000512,0.000390,-1.287388,0.197064,0.084774,1.1670,92,11876.5
1140000,133629,1.0851,8.24,0.3000,0.8240,0.0000,0.000448,0.000431,-1.306899,-0.001898,0.085250,1.1744,92,11984.7
1150000,134853,0.9397,7.96,0.1800,0.7960,0.0000,0.000521,0.000437,-1.357230,0.054918,0.085333,1.2313,93,12092.9
1160000,136086,1.1059,8.25,0.3200,0.8250,0.0000,0.000474,0.000434,-1.348086,-0.083393,0.085734,1.2136,93,12201.1
1170000,137317,0.9760,8.03,0.2100,0.8030,0.0000,0.000650,0.000513,-1.269619,-0.007816,0.086691,1.1368,93,12309.5
1180000,138552,0.9396,7.96,0.1800,0.7960,0.0000,0.000542,0.000548,-1.302469,0.087116,0.087456,1.1735,93,12417.4
1190000,139790,1.0098,8.18,0.2300,0.8180,0.0000,0.000452,0.000499,-1.392197,0.112197,0.086924,1.2742,94,12525.6
1200000,141032,1.0234,8.22,0.2400,0.8220,0.0000,0.000419,0.000405,-1.361448,-0.025624,0.087394,1.2305,94,12633.8
1210000,142292,0.9005,7.86,0.1500,0.7860,0.0000,0.000552,0.000591,-1.403545,-0.280858,0.087800,1.2667,94,12741.7
1220000,143545,0.8424,7.77,0.1000,0.7770,0.0000,0.000407,0.000460,-1.375507,-0.032560,0.087867,1.2440,94,12850.2
1230000,144793,0.9841,8.01,0.2200,0.8010,0.0000,0.000469,0.000557,-1.370177,-0.208999,0.088615,1.2281,94,12958.1
1240000,146045,0.9068,7.82,0.1600,0.7820,0.0000,0.000447,0.000500,-1.381872,0.025772,0.088775,1.2479,94,13066.3
1250000,147301,0.9806,8.08,0.2100,0.8080,0.0000,0.000532,0.000502,-1.335043,0.066274,0.089550,1.2054,94,13174.5
1260000,148565,0.9269,7.93,0.1700,0.7930,0.0000,0.000473,0.000520,-1.371096,0.076432,0.089915,1.2381,94,13282.9
1270000,149830,0.8778,7.83,0.1300,0.7830,0.0000,0.000488,0.000518,-1.349128,-0.084837,0.089766,1.2151,94,13391.3
1280000,151100,0.8815,7.87,0.1300,0.7870,0.0000,0.000462,0.000473,-1.367909,-0.142455,0.090579,1.2250,94,13499.3
1290000,152356,0.9853,8.13,0.2100,0.8130,0.0000,0.000419,0.000484,-1.391596,0.008768,0.090703,1.2557,94,13607.8
1300000,153620,0.8732,7.78,0.1300,0.7780,0.0000,0.000464,0.000466,-1.361842,0.126174,0.090958,1.2267,95,13715.7
1310000,154885,0.8830,7.67,0.1500,0.7670,0.0000,0.000526,0.000502,-1.371032,-0.097151,0.090084,1.2305,95,13824.1
1320000,156154,0.9434,8.00,0.1800,0.8000,0.0000,0.000570,0.000517,-1.392914,-0.023008,0.089482,1.2558,96,13931.9
1330000,157412,0.9815,8.09,0.2100,0.8090,0.0000,0.000500,0.000504,-1.387644,-0.143547,0.088833,1.2447,96,14040.2
1340000,158642,1.0806,8.30,0.2900,0.8300,0.0000,0.000521,0.000553,-1.355265,-0.185794,0.088102,1.2164,97,14148.6
1350000,159883,1.0204,8.08,0.2500,0.8080,0.0000,0.000432,0.000372,-1.348875,0.050637,0.086705,1.2115,97,14256.6
1360000,161114,1.0741,8.23,0.2900,0.8230,0.0000,0.000448,0.000465,-1.341372,0.044410,0.085719,1.2074,97,14364.7
1370000,162328,1.0542,8.23,0.2700,0.8230,0.0000,0.000478,0.000455,-1.330337,0.043820,0.085014,1.1951,98,14472.8
1380000,163544,1.0787,8.28,0.2900,0.8280,0.0000,0.000496,0.000569,-1.287022,0.006641,0.084506,1.1518,98,14581.0
1390000,164739,1.1805,8.41,0.3800,0.8410,0.0000,0.000449,0.000374,-1.298237,-0.154427,0.084224,1.1576,99,14689.2
1400000,165941,1.1668,8.37,0.3700,0.8370,0.0000,0.000585,0.000456,-1.332907,-0.006216,0.083556,1.1973,99,14797.5
1410000,167121,1.1469,8.37,0.3500,0.8370,0.0000,0.000472,0.000423,-1.307340,0.002401,0.082984,1.1772,100,14905.3
1420000,168289,1.2651,8.68,0.4400,0.8680,0.0000,0.000464,0.000486,-1.390923,-0.062610,0.082648,1.2550,100,15013.8
1430000,169468,1.1161,8.36,0.3200,0.8360,0.0000,0.000462,0.000478,-1.304607,-0.152559,0.082826,1.1625,100,15122.0
1440000,170644,1.1877,8.38,0.3900,0.8380,0.0000,0.000471,0.000395,-1.276678,0.010707,0.082732,1.1427,100,15230.1
1450000,171821,1.2778,8.71,0.4500,0.8710,0.0000,0.000416,0.000372,-1.370026,-0.106258,0.082582,1.2370,100,15338.2
1460000,172991,1.2522,8.54,0.4400,0.8540,0.0000,0.000378,0.000411,-1.286724,-0.073553,0.082337,1.1524,100,15446.3
1470000,174158,1.2460,8.58,0.4300,0.8580,0.0000,0.000515,0.000502,-1.274227,-0.000427,0.082148,1.1411,100,15554.3
1480000,175325,1.2696,8.62,0.4500,0.8620,0.0000,0.000646,0.000520,-1.299963,0.043156,0.082112,1.1662,101,15662.6
1490000,176489,1.1950,8.46,0.3900,0.8460,0.0000,0.000400,0.000433,-1.311206,-0.145088,0.082022,1.1796,101,15770.7
1500000,177660,1.2151,8.57,0.4000,0.8570,0.0000,0.000380,0.000353,-1.258631,0.195671,0.081417,1.1302,101,15878.7
1510000,178823,1.3333,8.77,0.5000,0.8770,0.0000,0.000417,0.000413,-1.347934,0.271110,0.081956,1.2194,101,15986.7
1520000,179982,1.1643,8.45,0.3600,0.8450,0.0000,0.000452,0.000420,-1.304037,-0.304033,0.081445,1.1583,101,16094.8
1530000,181141,1.2069,8.48,0.4000,0.8480,0.0000,0.000501,0.000439,-1.277570,-0.047986,0.081542,1.1435,102,16202.9
1540000,182303,1.1533,8.44,0.3500,0.8440,0.0000,0.000600,0.000502,-1.306782,-0.054067,0.081889,1.1741,102,16311.1
1550000,183456,1.2115,8.53,0.4000,0.8530,0.0000,0.000377,0.000342,-1.300592,-0.059434,0.081242,1.1667,102,16419.4
1560000,184618,1.1705,8.41,0.3700,0.8410,0.0000,0.000448,0.000439,-1.227460,0.208341,0.082091,1.1006,102,16527.4
1570000,185776,1.3534,8.88,0.5100,0.8880,0.0000,0.000425,0.000422,-1.293155,0.210783,0.081041,1.1686,102,16635.6
1580000,186938,1.2959,8.69,0.4700,0.8690,0.0000,0.000437,0.000470,-1.295823,-0.091338,0.082065,1.1560,102,16743.9
1590000,188098,1.2596,8.62,0.4400,0.8620,0.0000,0.000364,0.000375,-1.325635,0.166189,0.082002,1.1913,102,16852.3
1600000,189260,1.2387,8.61,0.4200,0.8610,0.0000,0.000543,0.000396,-1.287587,-0.171717,0.081551,1.1449,102,16960.5
1610000,190415,1.2842,8.67,0.4600,0.8670,0.0000,0.000453,0.000500,-1.254462,-0.068953,0.081779,1.1194,102,17068.7
1620000,191566,1.2007,8.63,0.3800,0.8630,0.0000,0.000468,0.000482,-1.281015,-0.110805,0.081344,1.1441,102,17177.1
1630000,192732,1.2451,8.57,0.4300,0.8570,0.0000,0.000381,0.000487,-1.283386,-0.171594,0.081287,1.1491,102,17285.2
1640000,193885,1.2332,8.55,0.4200,0.8550,0.0000,0.000461,0.000465,-1.311148,-0.160083,0.081739,1.1730,103,17393.3
1650000,195039,1.2242,8.56,0.4100,0.8560,0.0000,0.000331,0.000440,-1.282647,0.149228,0.081515,1.1511,103,17501.6
1660000,196190,1.2279,8.60,0.4100,0.8600,0.0000,0.000367,0.000476,-1.313159,-0.088041,0.081487,1.1793,103,17609.7
1670000,197353,1.2033,8.55,0.3900,0.8550,0.0000,0.000415,0.000431,-1.312694,-0.162512,0.081662,1.1743,103,17717.9
1680000,198514,1.2524,8.65,0.4300,0.8650,0.0000,0.000474,0.000465,-1.322498,-0.053790,0.081182,1.1871,104,17826.4
1690000,199669,1.2178,8.49,0.4100,0.8490,0.0000,0.000560,0.000449,-1.215474,0.303807,0.081860,1.0943,104,17934.8
1700000,200828,1.2797,8.73,0.4500,0.8730,0.0000,0.000413,0.000437,-1.294215,-0.074405,0.081552,1.1574,104,18043.2
1710000,201983,1.2751,8.68,0.4500,0.8680,0.0000,0.000459,0.000396,-1.352863,-0.134672,0.081259,1.2152,105,18151.3
1720000,203137,1.1997,8.51,0.3900,0.8510,0.0000,0.000383,0.000440,-1.286311,-0.058441,0.081513,1.1495,106,18259.5
1730000,204289,1.3242,8.78,0.4900,0.8780,0.0000,0.000443,0.000451,-1.271945,0.103851,0.081876,1.1364,107,18367.6
1740000,205444,1.2742,8.67,0.4500,0.8670,0.0000,0.000354,0.000394,-1.291784,0.143802,0.081031,1.1630,108,18476.0
1750000,206591,1.4179,9.04,0.5600,0.9040,0.0000,0.000482,0.000387,-1.221591,-0.056671,0.081281,1.0879,108,18584.1
1760000,207747,1.1941,8.45,0.3900,0.8450,0.0000,0.000441,0.000433,-1.341475,-0.188181,0.081422,1.1971,108,18692.4
1770000,208900,1.3042,8.78,0.4700,0.8780,0.0000,0.000447,0.000411,-1.324142,0.164279,0.081343,1.1921,108,18800.6
1780000,210055,1.2270,8.59,0.4100,0.8590,0.0000,0.000442,0.000483,-1.268921,0.176979,0.081226,1.1420,108,18908.7
1790000,211204,1.3379,8.82,0.5000,0.8820,0.0000,0.000457,0.000429,-1.299501,0.004772,0.081669,1.1629,108,19017.0
1800000,212360,1.1970,8.59,0.3800,0.8590,0.0000,0.000383,0.000431,-1.254323,0.249738,0.081710,1.1232,108,19125.3
1810000,213519,1.1524,8.43,0.3500,0.8430,0.0000,0.000377,0.000362,-1.324421,0.023865,0.081589,1.1889,108,19233.7
1820000,214672,1.4761,9.13,0.6100,0.9130,0.0000,0.000395,0.000392,-1.255544,0.111744,0.081570,1.1253,108,19342.4
1830000,215825,1.3022,8.65,0.4800,0.8650,0.0000,0.000551,0.000546,-1.287224,0.034097,0.081395,1.1596,108,19452.4
1840000,216979,1.2288,8.61,0.4100,0.8610,0.0000,0.000420,0.000335,-1.280269,0.427306,0.081795,1.1653,109,19560.8
1850000,218137,1.2369,8.59,0.4200,0.8590,0.0000,0.000434,0.000426,-1.284312,-0.084416,0.081574,1.1420,110,19669.2
1860000,219293,1.3624,8.87,0.5200,0.8870,0.0000,0.000473,0.000455,-1.294325,-0.247617,0.081527,1.1526,110,19777.4
1870000,220442,1.3342,8.78,0.5000,0.8780,0.0000,0.000402,0.000429,-1.282013,0.041541,0.081742,1.1490,110,19885.6
1880000,221598,1.2286,8.50,0.4200,0.8500,0.0000,0.000409,0.000466,-1.295365,-0.150098,0.081034,1.1555,110,19994.0
1890000,222751,1.3286,8.72,0.5000,0.8720,0.0000,0.000445,0.000355,-1.263032,0.016133,0.081689,1.1287,110,20102.2
1900000,223912,1.2804,8.63,0.4600,0.8630,0.0000,0.000393,0.000475,-1.338704,-0.201730,0.082054,1.1947,110,20210.4
1910000,225064,1.3096,8.73,0.4800,0.8730,0.0000,0.000356,0.000427,-1.319670,0.148045,0.081271,1.1867,110,20318.6
1920000,226210,1.2642,8.67,0.4400,0.8670,0.0000,0.000435,0.000408,-1.270788,-0.231872,0.081389,1.1299,110,20426.8
1930000,227364,1.1742,8.45,0.3700,0.8450,0.0000,0.000542,0.000376,-1.272321,0.160718,0.081580,1.1341,110,20534.8
1940000,228510,1.2705,8.63,0.4500,0.8630,0.0000,0.000422,0.000428,-1.259770,-0.217048,0.081506,1.1186,110,20642.5
1950000,229666,1.2233,8.55,0.4100,0.8550,0.0000,0.000433,0.000388,-1.295578,-0.065685,0.081391,1.1593,110,20747.7
1960000,230810,1.3923,8.87,0.5500,0.8870,0.0000,0.000448,0.000456,-1.300676,-0.183375,0.081994,1.1603,110,20851.9
1970000,231963,1.2069,8.48,0.4000,0.8480,0.0000,0.000426,0.000457,-1.286285,0.056235,0.081672,1.1467,110,20956.4
1980000,233124,1.1915,8.53,0.3800,0.8530,0.0000,0.000376,0.000456,-1.344007,-0.032232,0.081441,1.2034,110,21062.3
1990000,234282,1.2696,8.62,0.4500,0.8620,0.0000,0.000380,0.000337,-1.265458,0.181990,0.081635,1.1358,112,21168.9
2000000,235427,1.3960,8.91,0.5500,0.8910,0.0000,0.000369,0.000369,-1.278636,0.204564,0.081740,1.1453,112,21276.2
2010000,236576,1.2642,8.67,0.4400,0.8670,0.0000,0.000372,0.000373,-1.321217,-0.160089,0.081773,1.1828,112,21383.5
2020000,237732,1.1906,8.52,0.3800,0.8520,0.0000,0.000432,0.000528,-1.279635,-0.030383,0.082063,1.1402,112,21493.3
2030000,238885,1.2369,8.59,0.4200,0.8590,0.0000,0.000476,0.000536,-1.297605,-0.181724,0.082143,1.1583,112,21601.5
2040000,240040,1.2724,8.65,0.4500,0.8650,0.0000,0.000337,0.000391,-1.325420,-0.011046,0.081703,1.1884,112,21709.0
2050000,241196,1.3650,8.79,0.5300,0.8790,0.0000,0.000415,0.000489,-1.294480,-0.044265,0.081986,1.1592,112,21816.5
2060000,242357,1.1851,8.46,0.3800,0.8460,0.0000,0.000390,0.000407,-1.339602,-0.047901,0.081641,1.2016,112,21924.2
2070000,243516,1.2441,8.56,0.4300,0.8560,0.0000,0.000389,0.000382,-1.299634,0.131471,0.082166,1.1670,112,22031.7
2080000,244680,1.2324,8.65,0.4100,0.8650,0.0000,0.000459,0.000388,-1.286858,0.090508,0.082549,1.1540,112,22139.4
2090000,245842,1.2524,8.65,0.4300,0.8650,0.0000,0.000384,0.000495,-1.310187,0.193950,0.082567,1.1839,112,22247.3
2100000,247008,1.1978,8.49,0.3900,0.8490,0.0000,0.000349,0.000398,-1.349642,-0.122732,0.082255,1.2140,112,22354.7
2110000,248175,1.2751,8.68,0.4500,0.8680,0.0000,0.000414,0.000421,-1.284248,0.072986,0.082485,1.1526,112,22462.3
2120000,249340,1.1714,8.42,0.3700,0.8420,0.0000,0.000423,0.000395,-1.323594,-0.137206,0.083001,1.1862,112,22569.8
2130000,250510,1.2550,8.57,0.4400,0.8570,0.0000,0.000431,0.000406,-1.320168,-0.071510,0.081860,1.1810,112,22677.8
2140000,251688,1.2288,8.61,0.4100,0.8610,0.0000,0.000346,0.000368,-1.303369,0.127676,0.083139,1.1689,112,22785.7
2150000,252862,1.2833,8.66,0.4600,0.8660,0.0000,0.000485,0.000428,-1.330706,-0.299415,0.082876,1.1853,112,22893.3
2160000,254038,1.1233,8.33,0.3300,0.8330,0.0000,0.000403,0.000366,-1.310868,0.031380,0.082766,1.1728,112,23001.2
2170000,255209,1.2432,8.55,0.4300,0.8550,0.0000,0.000643,0.000528,-1.336673,0.038966,0.082996,1.2037,113,23109.2
2180000,256397,1.1532,8.33,0.3600,0.8330,0.0000,0.000523,0.000493,-1.308216,0.096423,0.083682,1.1708,114,23216.9
2190000,257575,1.2135,8.66,0.3900,0.8660,0.0000,0.000502,0.000525,-1.296257,-0.045584,0.083494,1.1559,115,23324.9
2200000,258764,1.1723,8.43,0.3700,0.8430,0.0000,0.000440,0.000459,-1.331565,-0.222439,0.083956,1.1873,115,23432.5
2210000,259947,1.0906,8.30,0.3000,0.8300,0.0000,0.000363,0.000368,-1.293841,0.077147,0.084313,1.1642,118,23540.1
2220000,261143,1.0980,8.38,0.3000,0.8380,0.0000,0.000389,0.000367,-1.333787,0.090928,0.084244,1.2011,118,23647.9
2230000,262340,1.1680,8.49,0.3600,0.8490,0.0000,0.000383,0.000404,-1.279891,0.238773,0.084692,1.1518,118,23755.7
2240000,263540,1.2187,8.61,0.4000,0.8610,0.0000,0.000337,0.000389,-1.304470,0.002812,0.084047,1.1764,118,23865.2
2250000,264741,1.0577,8.16,0.2800,0.8160,0.0000,0.000356,0.000351,-1.330496,0.025255,0.085104,1.1933,118,23973.3
2260000,265930,1.1778,8.49,0.3700,0.8490,0.0000,0.000465,0.000460,-1.329531,-0.064846,0.084696,1.1873,119,24081.1
2270000,267132,1.0707,8.30,0.2800,0.8300,0.0000,0.000468,0.000368,-1.352535,-0.004128,0.085244,1.2174,119,24189.2
2280000,268338,1.1006,8.30,0.3100,0.8300,0.0000,0.000372,0.000374,-1.326613,0.222543,0.085647,1.1982,119,24297.0
2290000,269543,0.9916,8.20,0.2100,0.8200,0.0000,0.000378,0.000461,-1.290969,0.030512,0.085620,1.1572,120,24404.8
2300000,270744,1.1070,8.37,0.3100,0.8370,0.0000,0.000568,0.000514,-1.319822,-0.291077,0.086097,1.1758,120,24512.8
2310000,271959,1.0687,8.17,0.2900,0.8170,0.0000,0.000406,0.000440,-1.350686,-0.145336,0.086244,1.2144,121,24621.3
2320000,273176,0.9052,7.91,0.1500,0.7910,0.0000,0.000437,0.000345,-1.326017,0.295786,0.086270,1.2024,122,24729.3
2330000,274390,1.0577,8.16,0.2800,0.8160,0.0000,0.000586,0.000563,-1.333814,-0.202701,0.085919,1.1916,122,24837.0
2340000,275609,1.0369,8.15,0.2600,0.8150,0.0000,0.000456,0.000415,-1.326352,0.063916,0.086822,1.1949,122,24945.2
2350000,276827,1.0561,8.25,0.2700,0.8250,0.0000,0.000386,0.000551,-1.307774,0.186289,0.086713,1.1789,122,25052.6
2360000,278044,0.9952,8.13,0.2200,0.8130,0.0000,0.000340,0.000423,-1.329524,0.201148,0.086911,1.1978,122,25159.5
2370000,279258,1.0797,8.29,0.2900,0.8290,0.0000,0.000355,0.000388,-1.346703,-0.023861,0.086372,1.2034,122,25266.8
2380000,280478,1.0469,8.15,0.2700,0.8150,0.0000,0.000475,0.000473,-1.312112,0.087649,0.087132,1.1792,122,25373.5
2390000,281692,1.0770,8.26,0.2900,0.8260,0.0000,0.000363,0.000411,-1.428360,-0.145718,0.086486,1.2929,122,25480.3
2400000,282904,1.1352,8.46,0.3300,0.8460,0.0000,0.000421,0.000426,-1.301891,0.114348,0.086733,1.1753,122,25586.9
2410000,284126,1.0005,8.08,0.2300,0.8080,0.0000,0.000472,0.000505,-1.317594,-0.133542,0.086575,1.1757,122,25694.1
2420000,285336,1.1651,8.46,0.3600,0.8460,0.0000,0.000456,0.000413,-1.343200,-0.131764,0.086321,1.2016,122,25801.2
2430000,286542,1.0652,8.24,0.2800,0.8240,0.0000,0.000439,0.000432,-1.322507,0.105829,0.086057,1.1952,122,25908.1
2440000,287759,1.0925,8.32,0.3000,0.8320,0.0000,0.000379,0.000444,-1.332912,-0.017079,0.086194,1.1950,122,26015.5
2450000,288966,1.0679,8.27,0.2800,0.8270,0.0000,0.000406,0.000494,-1.352444,-0.126857,0.084903,1.2129,122,26122.8
2460000,290177,1.0343,8.23,0.2500,0.8230,0.0000,0.000457,0.000396,-1.315621,-0.244467,0.086083,1.1720,122,26230.0
2470000,291382,1.1661,8.47,0.3600,0.8470,0.0000,0.000393,0.000425,-1.360270,0.150418,0.085433,1.2274,122,26337.0
2480000,292579,1.1770,8.48,0.3700,0.8480,0.0000,0.000427,0.000400,-1.329633,-0.076631,0.085565,1.1895,122,26444.2
2490000,293785,1.1442,8.45,0.3400,0.8450,0.0000,0.000406,0.000455,-1.358484,-0.023629,0.084722,1.2243,122,26552.1
2500000,294990,1.1478,8.38,0.3500,0.8380,0.0000,0.000412,0.000356,-1.295588,0.164902,0.085096,1.1671,122,26659.3
2510000,296190,1.1971,8.59,0.3800,0.8590,0.0000,0.000427,0.000395,-1.259398,0.213132,0.085060,1.1367,123,26766.8
2520000,297380,1.1614,8.42,0.3600,0.8420,0.0000,0.000455,0.000435,-1.312586,0.210039,0.084921,1.1798,123,26874.6
2530000,298572,1.0771,8.37,0.2800,0.8370,0.0000,0.000374,0.000368,-1.332399,-0.093666,0.084652,1.1877,123,26982.1
2540000,299764,1.1543,8.45,0.3500,0.8450,0.0000,0.000420,0.000476,-1.334487,0.004344,0.084362,1.2021,123,27089.5
2550000,300958,1.2351,8.57,0.4200,0.8570,0.0000,0.000459,0.000441,-1.337716,0.009054,0.084533,1.2050,123,27197.2
2560000,302151,1.2088,8.50,0.4000,0.8500,0.0000,0.000432,0.000491,-1.259186,0.151904,0.083737,1.1342,123,27304.4
2570000,303349,1.1341,8.34,0.3400,0.8340,0.0000,0.000347,0.000394,-1.354013,0.071638,0.083786,1.2209,123,27411.9
2580000,304538,1.0934,8.33,0.3000,0.8330,0.0000,0.000390,0.000425,-1.353618,-0.027866,0.083431,1.2177,123,27519.5
2590000,305728,1.1061,8.36,0.3100,0.8360,0.0000,0.000434,0.000433,-1.318991,0.302600,0.084220,1.1867,123,27626.8
2600000,306909,1.1624,8.43,0.3600,0.8430,0.0000,0.000498,0.000453,-1.304805,-0.056246,0.083288,1.1649,123,27734.6
2610000,308088,1.1741,8.45,0.3700,0.8450,0.0000,0.000442,0.000337,-1.280103,0.287143,0.083156,1.1505,123,27842.2
2620000,309263,1.1816,8.53,0.3700,0.8530,0.0000,0.000463,0.000402,-1.297349,-0.095151,0.083170,1.1588,124,27950.4
2630000,310442,1.0913,8.20,0.3100,0.8200,0.0000,0.000463,0.000400,-1.279795,0.153940,0.083370,1.1479,124,28058.1
2640000,311624,1.2360,8.58,0.4200,0.8580,0.0000,0.000469,0.000490,-1.272339,0.153833,0.082922,1.1453,124,28165.9
2650000,312807,1.1715,8.53,0.3600,0.8530,0.0000,0.000439,0.000428,-1.327238,-0.204274,0.083498,1.1838,124,28273.8
2660000,313992,1.1570,8.48,0.3500,0.8480,0.0000,0.000396,0.000413,-1.301466,0.116699,0.083263,1.1690,124,28381.2
2670000,315161,1.1796,8.51,0.3700,0.8510,0.0000,0.000387,0.000355,-1.311149,-0.265687,0.082796,1.1691,125,28489.4
2680000,316336,1.1860,8.47,0.3800,0.8470,0.0000,0.000411,0.000480,-1.301689,0.134226,0.082498,1.1749,125,28597.1
2690000,317518,1.1105,8.30,0.3200,0.8300,0.0000,0.000386,0.000433,-1.277723,0.058970,0.082904,1.1413,125,28705.1
2700000,318690,1.2006,8.52,0.3900,0.8520,0.0000,0.000364,0.000367,-1.284614,-0.181059,0.083024,1.1442,125,28812.8
2710000,319862,1.1752,8.46,0.3700,0.8460,0.0000,0.000424,0.000368,-1.305219,-0.066077,0.082399,1.1694,125,28920.9
2720000,321033,1.2641,8.56,0.4500,0.8560,0.0000,0.000421,0.000487,-1.326057,-0.188093,0.083107,1.1919,126,29028.8
2730000,322210,1.2877,8.60,0.4700,0.8600,0.0000,0.000389,0.000501,-1.256612,0.143452,0.082510,1.1262,126,29136.7
2740000,323380,1.3224,8.76,0.4900,0.8760,0.0000,0.000353,0.000361,-1.344529,0.233417,0.082745,1.2172,126,29244.8
2750000,324546,1.2216,8.64,0.4000,0.8640,0.0000,0.000367,0.000413,-1.258835,0.396401,0.082649,1.1403,126,29353.0
2760000,325719,1.1996,8.51,0.3900,0.8510,0.0000,0.000423,0.000438,-1.311790,-0.067819,0.082775,1.1707,126,29461.2
2770000,326889,1.1996,8.51,0.3900,0.8510,0.0000,0.000552,0.000420,-1.312300,-0.057592,0.082361,1.1774,126,29569.1
2780000,328060,1.1616,8.53,0.3500,0.8530,0.0000,0.000379,0.000362,-1.293032,0.225769,0.082133,1.1624,126,29677.1
2790000,329223,1.2942,8.67,0.4700,0.8670,0.0000,0.000447,0.000356,-1.278729,-0.079046,0.082410,1.1402,126,29785.5
2800000,330393,1.2187,8.50,0.4100,0.8500,0.0000,0.000421,0.000401,-1.301602,0.069189,0.082125,1.1764,126,29893.4
2810000,331554,1.2244,8.67,0.4000,0.8670,0.0000,0.000499,0.000494,-1.297346,0.023653,0.082572,1.1636,126,30001.7
2820000,332722,1.2487,8.61,0.4300,0.8610,0.0000,0.000477,0.000424,-1.323033,-0.191882,0.081819,1.1814,126,30109.7
2830000,333881,1.2769,8.70,0.4500,0.8700,0.0000,0.000366,0.000390,-1.246535,-0.051703,0.082068,1.1105,126,30217.5
2840000,335040,1.2270,8.59,0.4100,0.8590,0.0000,0.000395,0.000384,-1.271775,-0.159522,0.081941,1.1366,126,30325.4
2850000,336205,1.2187,8.50,0.4100,0.8500,0.0000,0.000433,0.000379,-1.337141,-0.157761,0.081925,1.1981,126,30433.5
2860000,337375,1.2541,8.56,0.4400,0.8560,0.0000,0.000460,0.000417,-1.257980,0.155762,0.082520,1.1273,126,30541.6
2870000,338539,1.2152,8.57,0.4000,0.8570,0.0000,0.000461,0.000450,-1.313879,-0.184902,0.082273,1.1769,126,30649.5
2880000,339695,1.2578,8.60,0.4400,0.8600,0.0000,0.000511,0.000388,-1.293933,0.030320,0.081992,1.1606,127,30757.9
2890000,340863,1.1605,8.41,0.3600,0.8410,0.0000,0.000412,0.000486,-1.262614,-0.211971,0.082414,1.1214,127,30865.7
2900000,342022,1.2816,8.75,0.4500,0.8750,0.0000,0.000458,0.000408,-1.264059,0.013165,0.082579,1.1227,127,30973.9
2910000,343190,1.1950,8.46,0.3900,0.8460,0.0000,0.000463,0.000381,-1.222323,0.160483,0.081567,1.0882,127,31081.7
2920000,344350,1.2261,8.58,0.4100,0.8580,0.0000,0.000341,0.000369,-1.283998,0.071732,0.081595,1.1478,127,31189.9
2930000,345505,1.3015,8.75,0.4700,0.8750,0.0000,0.000359,0.000440,-1.273405,0.084947,0.081784,1.1402,127,31298.2
2940000,346666,1.3397,8.84,0.5000,0.8840,0.0000,0.000446,0.000468,-1.308831,0.112952,0.082143,1.1766,127,31406.4
2950000,347826,1.2476,8.49,0.4400,0.8490,0.0000,0.000404,0.000383,-1.329424,0.183929,0.081618,1.1976,127,31514.6
2960000,348976,1.2288,8.61,0.4100,0.8610,0.0000,0.000411,0.000404,-1.304883,0.035229,0.082129,1.1731,127,31622.9
2970000,350128,1.2643,8.67,0.4400,0.8670,0.0000,0.000344,0.000437,-1.306607,-0.053170,0.081325,1.1741,127,31729.6
2980000,351286,1.2706,8.63,0.4500,0.8630,0.0000,0.000439,0.000433,-1.256747,-0.101468,0.082012,1.1125,127,31833.8
2990000,352449,1.1998,8.62,0.3800,0.8620,0.0000,0.000425,0.000399,-1.296634,-0.005400,0.081867,1.1624,127,31937.7
3000000,353598,1.3251,8.79,0.4900,0.8790,0.0000,0.000384,0.000367,-1.280788,0.095475,0.081474,1.1499,128,32042.2
3010000,354757,1.2533,8.66,0.4300,0.8660,0.0000,0.000358,0.000362,-1.280218,0.117037,0.081467,1.1485,128,32148.5
3020000,355922,1.2642,8.67,0.4400,0.8670,0.0000,0.000419,0.000416,-1.293672,0.119144,0.081373,1.1665,129,32255.7
3030000,357083,1.2805,8.63,0.4600,0.8630,0.0000,0.000439,0.000420,-1.237284,0.214041,0.082096,1.1079,129,32363.4
3040000,358241,1.3206,8.74,0.4900,0.8740,0.0000,0.000467,0.000391,-1.293650,0.146842,0.081800,1.1626,129,32470.8
3050000,359403,1.2550,8.57,0.4400,0.8570,0.0000,0.000529,0.000453,-1.238240,0.237917,0.081740,1.1091,129,32578.6
3060000,360560,1.3370,8.81,0.5000,0.8810,0.0000,0.000482,0.000477,-1.300677,-0.302114,0.081617,1.1526,129,32686.5
3070000,361713,1.3787,8.83,0.5400,0.8830,0.0000,0.000460,0.000478,-1.307610,0.035491,0.081687,1.1708,129,32794.2
3080000,362872,1.2997,8.73,0.4700,0.8730,0.0000,0.000369,0.000392,-1.282961,0.038043,0.081562,1.1526,129,32902.0
3090000,364027,1.1997,8.51,0.3900,0.8510,0.0000,0.000363,0.000398,-1.315230,-0.012019,0.081481,1.1783,130,33010.2
3100000,365183,1.3342,8.78,0.5000,0.8780,0.0000,0.000473,0.000464,-1.288523,-0.094973,0.081755,1.1519,130,33118.2
3110000,366341,1.2688,8.72,0.4400,0.8720,0.0000,0.000433,0.000449,-1.260873,0.168456,0.081914,1.1293,130,33226.1
3120000,367489,1.2978,8.71,0.4700,0.8710,0.0000,0.000470,0.000469,-1.293848,-0.074110,0.081822,1.1572,130,33334.3
3130000,368652,1.2506,8.63,0.4300,0.8630,0.0000,0.000379,0.000365,-1.328283,0.068713,0.081963,1.1979,130,33442.1
3140000,369809,1.2616,8.75,0.4300,0.8750,0.0000,0.000417,0.000437,-1.294180,0.305750,0.081825,1.1684,130,33550.6
3150000,370979,1.3069,8.70,0.4800,0.8700,0.0000,0.000317,0.000348,-1.293706,0.004237,0.081776,1.1579,130,33658.5
3160000,372143,1.1698,8.51,0.3600,0.8510,0.0000,0.000428,0.000475,-1.252493,-0.209444,0.081602,1.1132,130,33766.5
3170000,373303,1.2587,8.61,0.4400,0.8610,0.0000,0.000473,0.000432,-1.279483,-0.047392,0.081445,1.1428,130,33874.5
3180000,374458,1.2760,8.69,0.4500,0.8690,0.0000,0.000437,0.000428,-1.289816,0.314143,0.082385,1.1663,130,33982.5
3190000,375623,1.2177,8.49,0.4100,0.8490,0.0000,0.000378,0.000389,-1.279462,0.234048,0.081931,1.1478,130,34090.8
3200000,376789,1.1314,8.31,0.3400,0.8310,0.0000,0.000433,0.000415,-1.235783,0.111241,0.081937,1.1042,130,34198.8
3210000,377955,1.2706,8.63,0.4500,0.8630,0.0000,0.000444,0.000465,-1.276796,-0.006388,0.081916,1.1486,130,34306.9
3220000,379120,1.2661,8.69,0.4400,0.8690,0.0000,0.000462,0.000459,-1.281081,0.020380,0.081662,1.1464,131,34415.0
3230000,380295,1.1642,8.45,0.3600,0.8450,0.0000,0.000492,0.002354,-1.299165,0.020766,0.082099,1.1676,132,34523.0
3240000,381458,1.2887,8.72,0.4600,0.8720,0.0000,0.000465,0.000530,-1.268765,-0.004321,0.082229,1.1349,132,34631.0
3250000,382631,1.1943,8.56,0.3800,0.8560,0.0000,0.000470,0.000441,-1.325064,0.014261,0.083232,1.1818,132,34738.7
3260000,383806,1.1705,8.41,0.3700,0.8410,0.0000,0.000358,0.000384,-1.290686,0.039458,0.082513,1.1601,132,34846.3
3270000,384979,1.2633,8.66,0.4400,0.8660,0.0000,0.000357,0.000353,-1.312827,0.074126,0.082384,1.1781,132,34951.1
3280000,386148,1.2760,8.69,0.4500,0.8690,0.0000,0.000452,0.000517,-1.234233,-0.135934,0.083011,1.0977,134,35055.1
3290000,387329,1.1979,8.49,0.3900,0.8490,0.0000,0.000395,0.000446,-1.271393,0.266510,0.082854,1.1453,134,35159.1
3300000,388514,1.0961,8.36,0.3000,0.8360,0.0000,0.000522,0.000460,-1.261689,-0.105414,0.083054,1.1262,134,35265.1
3310000,389689,1.2297,8.62,0.4100,0.8620,0.0000,0.000477,0.000437,-1.267532,0.195376,0.082705,1.1348,134,35371.9
3320000,390870,1.1242,8.34,0.3300,0.8340,0.0000,0.000395,0.000395,-1.317647,0.279484,0.082919,1.1942,134,35479.1
3330000,392051,1.1515,8.42,0.3500,0.8420,0.0000,0.000392,0.000422,-1.337059,0.044922,0.083026,1.2083,134,35586.7
3340000,393232,1.1760,8.47,0.3700,0.8470,0.0000,0.000445,0.000500,-1.292007,0.097359,0.083499,1.1575,134,35694.4
3350000,394417,1.1751,8.46,0.3700,0.8460,0.0000,0.000373,0.000394,-1.280608,0.089770,0.082906,1.1492,135,35802.0
3360000,395597,1.2214,8.53,0.4100,0.8530,0.0000,0.000376,0.000446,-1.269751,0.108565,0.083443,1.1364,135,35910.0
3370000,396789,1.0751,8.24,0.2900,0.8240,0.0000,0.000500,0.000465,-1.261335,-0.027202,0.083700,1.1243,135,36017.8
3380000,397971,1.1242,8.34,0.3300,0.8340,0.0000,0.000790,0.002340,-1.274267,0.061475,0.083639,1.1406,135,36125.2
3390000,399157,1.1961,8.58,0.3800,0.8580,0.0000,0.000405,0.000401,-1.306106,0.690894,0.084265,1.1882,135,36233.1
3400000,400354,1.0015,8.09,0.2300,0.8090,0.0000,0.000501,0.000467,-1.286651,0.202079,0.083441,1.1611,135,36341.0
3410000,401553,1.1960,8.47,0.3900,0.8470,0.0000,0.000411,0.000427,-1.270759,0.052360,0.084108,1.1417,135,36449.0
3420000,402747,1.2343,8.67,0.4100,0.8670,0.0000,0.000418,0.000446,-1.287009,-0.045623,0.084122,1.1503,137,36557.0
3430000,403935,1.1543,8.45,0.3500,0.8450,0.0000,0.000392,0.000381,-1.283495,0.102281,0.084499,1.1489,137,36665.1
3440000,405124,1.2106,8.52,0.4000,0.8520,0.0000,0.000452,0.000429,-1.400707,-0.199246,0.084192,1.2603,137,36772.9
3450000,406307,1.1233,8.33,0.3300,0.8330,0.0000,0.000467,0.000497,-1.283132,0.094247,0.084353,1.1495,137,36881.1
3460000,407511,1.0860,8.25,0.3000,0.8250,0.0000,0.000557,0.000596,-1.326245,-0.091707,0.084066,1.1888,137,36989.1
3470000,408712,1.1888,8.50,0.3800,0.8500,0.0000,0.000468,0.000467,-1.272880,0.072525,0.084561,1.1422,137,37097.2
3480000,409909,1.1015,8.31,0.3100,0.8310,0.0000,0.000390,0.000460,-1.295701,-0.217678,0.084495,1.1538,137,37205.0
3490000,411108,1.0716,8.31,0.2800,0.8310,0.0000,0.000493,0.000551,-1.283731,-0.080143,0.084266,1.1483,137,37313.1
3500000,412299,1.1488,8.39,0.3500,0.8390,0.0000,0.000402,0.000437,-1.292842,0.074206,0.084910,1.1617,137,37420.6
3510000,413496,1.1069,8.37,0.3100,0.8370,0.0000,0.000443,0.000505,-1.315782,-0.067411,0.084556,1.1790,137,37525.6
3520000,414696,0.9924,8.10,0.2200,0.8100,0.0000,0.000448,0.000379,-1.339564,-0.087026,0.084719,1.2024,137,37629.7
3530000,415891,1.1006,8.30,0.3100,0.8300,0.0000,0.000422,0.000388,-1.311901,-0.160437,0.083967,1.1731,139,37733.5
3540000,417097,1.0297,8.18,0.2500,0.8180,0.0000,0.000474,0.000452,-1.347697,-0.126617,0.084488,1.2038,139,37839.5
3550000,418292,1.2106,8.52,0.4000,0.8520,0.0000,0.000451,0.000454,-1.398699,-0.285384,0.084209,1.2523,139,37946.1
3560000,419489,1.1561,8.47,0.3500,0.8470,0.0000,0.000521,0.000425,-1.332752,0.081771,0.083911,1.2032,140,38053.4
3570000,420684,1.1160,8.36,0.3200,0.8360,0.0000,0.000406,0.000420,-1.379280,0.050890,0.084533,1.2502,140,38161.0
3580000,421888,1.0059,8.03,0.2400,0.8030,0.0000,0.000451,0.000399,-1.355154,0.011133,0.084016,1.2210,140,38268.5
3590000,423081,1.1024,8.32,0.3100,0.8320,0.0000,0.000476,0.000527,-1.307774,0.149853,0.084385,1.1754,140,38376.1
3600000,424276,1.0360,8.14,0.2600,0.8140,0.0000,0.000558,0.000446,-1.270121,0.212046,0.083673,1.1391,140,38484.0
3610000,425464,1.2279,8.60,0.4100,0.8600,0.0000,0.000438,0.000385,-1.311298,-0.202941,0.084075,1.1708,140,38591.8
3620000,426651,1.1434,8.44,0.3400,0.8440,0.0000,0.000394,0.000406,-1.350003,-0.030177,0.084463,1.2114,141,38699.8
3630000,427838,1.1315,8.42,0.3300,0.8420,0.0000,0.000387,0.000436,-1.323899,0.131029,0.084215,1.1918,141,38807.7
3640000,429026,1.0978,8.27,0.3100,0.8270,0.0000,0.000425,0.000424,-1.327332,-0.164744,0.084007,1.1808,141,38915.9
3650000,430218,1.1216,8.42,0.3200,0.8420,0.0000,0.000394,0.000475,-1.281143,-0.061731,0.084361,1.1410,141,39023.8
3660000,431408,1.1197,8.40,0.3200,0.8400,0.0000,0.000369,0.000359,-1.343058,0.023147,0.084324,1.2135,141,39131.6
3670000,432591,1.1360,8.36,0.3400,0.8360,0.0000,0.000464,0.000524,-1.306407,0.085082,0.084717,1.1655,141,39239.4
3680000,433782,1.0595,8.18,0.2800,0.8180,0.0000,0.000370,0.000317,-1.271188,0.381845,0.083778,1.1459,142,39347.7
3690000,434974,1.2588,8.61,0.4400,0.8610,0.0000,0.000393,0.000392,-1.312922,-0.195516,0.083790,1.1768,143,39455.5
3700000,436156,1.1170,8.37,0.3200,0.8370,0.0000,0.000464,0.000398,-1.287829,0.110883,0.084235,1.1566,143,39563.2
3710000,437346,1.0751,8.24,0.2900,0.8240,0.0000,0.000472,0.000362,-1.327185,-0.076891,0.083708,1.1884,144,39670.1
3720000,438538,1.0050,8.02,0.2400,0.8020,0.0000,0.000480,0.000447,-1.323025,-0.526396,0.083385,1.1701,144,39774.2
3730000,439722,1.1115,8.42,0.3100,0.8420,0.0000,0.000487,0.000503,-1.305339,-0.098444,0.083082,1.1673,145,39878.1
3740000,440904,1.0888,8.28,0.3000,0.8280,0.0000,0.000451,0.000447,-1.312410,0.082658,0.084274,1.1764,145,39982.4
3750000,442083,1.1543,8.45,0.3500,0.8450,0.0000,0.000393,0.000369,-1.322545,0.038863,0.084069,1.1900,146,40088.6
3760000,443269,1.1269,8.37,0.3300,0.8370,0.0000,0.000492,0.000471,-1.310899,-0.143307,0.083563,1.1677,146,40195.5
3770000,444453,1.0869,8.26,0.3000,0.8260,0.0000,0.000435,0.000383,-1.310910,0.006828,0.082963,1.1760,146,40303.1
3780000,445633,1.1116,8.42,0.3100,0.8420,0.0000,0.000444,0.000482,-1.318022,-0.001640,0.082929,1.1813,146,40410.7
3790000,446821,1.0950,8.24,0.3100,0.8240,0.0000,0.000500,0.000584,-1.303036,0.039030,0.083667,1.1713,147,40518.5
3800000,448008,1.1205,8.30,0.3300,0.8300,0.0000,0.000478,0.000545,-1.255772,-0.062160,0.083403,1.1200,147,40625.9
3810000,449185,1.2270,8.59,0.4100,0.8590,0.0000,0.000345,0.000362,-1.359345,0.156023,0.083427,1.2263,147,40733.9
3820000,450366,1.2561,8.69,0.4300,0.8690,0.0000,0.000307,0.000378,-1.297943,0.076712,0.082859,1.1621,147,40841.4
3830000,451547,1.2451,8.57,0.4300,0.8570,0.0000,0.000430,0.000404,-1.339017,-0.282663,0.082892,1.1877,147,40949.2
3840000,452720,1.1405,8.30,0.3500,0.8300,0.0000,0.000340,0.000392,-1.291457,-0.125372,0.082965,1.1527,147,41057.1
3850000,453898,1.2105,8.52,0.4000,0.8520,0.0000,0.000441,0.000393,-1.291473,0.025807,0.082534,1.1524,148,41164.5
3860000,455065,1.1533,8.44,0.3500,0.8440,0.0000,0.000427,0.000407,-1.291555,-0.059448,0.082423,1.1588,148,41272.2
3870000,456241,1.1843,8.56,0.3700,0.8560,0.0000,0.000380,0.000345,-1.358726,-0.108986,0.083083,1.2225,148,41379.6
3880000,457424,1.1443,8.45,0.3400,0.8450,0.0000,0.000493,0.000422,-1.275154,0.136271,0.082837,1.1473,148,41487.4
3890000,458603,1.2042,8.56,0.3900,0.8560,0.0000,0.000368,0.000376,-1.328259,-0.226256,0.082511,1.1845,150,41595.0
3900000,459773,1.1887,8.50,0.3800,0.8500,0.0000,0.000442,0.000372,-1.312884,-0.220881,0.082388,1.1663,150,41702.5
3910000,460947,1.1242,8.34,0.3300,0.8340,0.0000,0.000331,0.000497,-1.317430,-0.173208,0.082340,1.1809,151,41807.9
3920000,462116,1.2416,8.64,0.4200,0.8640,0.0000,0.000489,0.000413,-1.260893,0.119547,0.082325,1.1308,151,41911.6
3930000,463294,1.1760,8.47,0.3700,0.8470,0.0000,0.000401,0.000441,-1.323157,-0.028830,0.082307,1.1864,151,42015.4
3940000,464474,1.1598,8.51,0.3500,0.8510,0.0000,0.000365,0.000423,-1.318088,0.095182,0.082373,1.1880,151,42120.0
3950000,465646,1.2960,8.69,0.4700,0.8690,0.0000,0.000471,0.000420,-1.334989,-0.108340,0.082345,1.1938,151,42226.2
3960000,466814,1.1424,8.43,0.3400,0.8430,0.0000,0.000600,0.000438,-1.342893,-0.020351,0.082895,1.2022,151,42333.3
3970000,467979,1.2024,8.54,0.3900,0.8540,0.0000,0.000508,0.000560,-1.273360,0.079269,0.082714,1.1372,151,42440.5
3980000,469147,1.0924,8.32,0.3000,0.8320,0.0000,0.000392,0.000390,-1.287243,-0.206133,0.082261,1.1462,151,42547.9
3990000,470313,1.2642,8.67,0.4400,0.8670,0.0000,0.000472,0.000519,-1.320551,-0.076573,0.082281,1.1800,151,42655.5
4000000,471490,1.2479,8.60,0.4300,0.8600,0.0000,0.000494,0.000566,-1.315911,0.074715,0.082208,1.1788,152,42763.2
4010000,472656,1.2688,8.72,0.4400,0.8720,0.0000,0.000445,0.000427,-1.260435,0.089635,0.082048,1.1323,152,42871.2
4020000,473821,1.2689,8.72,0.4400,0.8720,0.0000,0.000425,0.000430,-1.260790,0.052592,0.082106,1.1241,152,42978.9
4030000,474989,1.1997,8.51,0.3900,0.8510,0.0000,0.000410,0.000429,-1.324045,0.117378,0.082491,1.1927,152,43086.9
4040000,476163,1.1942,8.45,0.3900,0.8450,0.0000,0.000434,0.000403,-1.278343,-0.101133,0.082100,1.1456,152,43194.8
4050000,477327,1.1751,8.46,0.3700,0.8460,0.0000,0.000493,0.000452,-1.263635,-0.092552,0.082156,1.1245,152,43302.7
4060000,478491,1.1769,8.48,0.3700,0.8480,0.0000,0.000448,0.000434,-1.288345,-0.027296,0.082221,1.1495,152,43409.0
4070000,479657,1.2633,8.66,0.4400,0.8660,0.0000,0.000468,0.000465,-1.276560,-0.147830,0.081769,1.1456,152,43513.0
4080000,480821,1.1496,8.40,0.3500,0.8400,0.0000,0.000477,0.000510,-1.299368,-0.164164,0.081785,1.1595,152,43616.8
4090000,481977,1.2925,8.76,0.4600,0.8760,0.0000,0.000364,0.000379,-1.286161,0.060033,0.082410,1.1532,152,43721.4
4100000,483134,1.1505,8.41,0.3500,0.8410,0.0000,0.000483,0.000361,-1.296180,-0.002554,0.081756,1.1557,153,43827.5
4110000,484307,1.2359,8.47,0.4300,0.8470,0.0000,0.000319,0.000345,-1.307018,0.292493,0.081799,1.1810,153,43935.2
4120000,485473,1.2124,8.54,0.4000,0.8540,0.0000,0.000407,0.000485,-1.310236,0.153184,0.081792,1.1810,153,44042.7
4130000,486637,1.2814,8.64,0.4600,0.8640,0.0000,0.000449,0.000440,-1.312209,-0.112855,0.081730,1.1679,153,44150.3
4140000,487806,1.2251,8.57,0.4100,0.8570,0.0000,0.000461,0.000608,-1.292151,0.000147,0.081615,1.1587,153,44258.3
4150000,488969,1.2087,8.50,0.4000,0.8500,0.0000,0.000460,0.000492,-1.308758,-0.252948,0.082257,1.1659,153,44366.1
4160000,490128,1.3823,8.87,0.5400,0.8870,0.0000,0.000488,0.000479,-1.298041,-0.162316,0.081950,1.1562,153,44472.7
4170000,491291,1.2479,8.60,0.4300,0.8600,0.0000,0.000470,0.000402,-1.245961,-0.077786,0.081810,1.1122,153,44577.3
4180000,492450,1.2015,8.53,0.3900,0.8530,0.0000,0.000459,0.000469,-1.275685,0.109046,0.082024,1.1404,153,44680.9
4190000,493610,1.2707,8.74,0.4400,0.8740,0.0000,0.000456,0.000419,-1.253827,0.048531,0.082244,1.1176,154,44785.9
4200000,494778,1.1869,8.48,0.3800,0.8480,0.0000,0.000344,0.000406,-1.278369,0.222856,0.081727,1.1486,155,44892.6
4210000,495942,1.2253,8.68,0.4000,0.8680,0.0000,0.000514,0.000785,-1.268925,-0.019714,0.082258,1.1345,155,45000.1
4220000,497101,1.2406,8.63,0.4200,0.8630,0.0000,0.000441,0.000442,-1.298401,-0.057432,0.082317,1.1643,155,45107.6
4230000,498262,1.2459,8.58,0.4300,0.8580,0.0000,0.000437,0.000370,-1.313098,0.089800,0.081956,1.1844,155,45215.3
4240000,499429,1.1395,8.29,0.3500,0.8290,0.0000,0.000371,0.000420,-1.293989,-0.289912,0.082042,1.1481,155,45323.1
4250000,500594,1.1860,8.47,0.3800,0.8470,0.0000,0.000492,0.000405,-1.268404,0.119691,0.082518,1.1375,155,45429.8
4260000,501760,1.1596,8.40,0.3600,0.8400,0.0000,0.000452,0.000382,-1.277317,0.129428,0.082204,1.1513,155,45533.2
4270000,502930,1.0850,8.24,0.3000,0.8240,0.0000,0.000358,0.000431,-1.353242,-0.054696,0.081722,1.2173,155,45636.8
4280000,504095,1.2406,8.63,0.4200,0.8630,0.0000,0.000413,0.000417,-1.260335,0.143178,0.082087,1.1270,156,45741.0
4290000,505258,1.2606,8.63,0.4400,0.8630,0.0000,0.000397,0.000413,-1.343746,0.080489,0.082010,1.2065,156,45847.2
4300000,506423,1.2268,8.48,0.4200,0.8480,0.0000,0.000452,0.000451,-1.308168,0.116786,0.082715,1.1780,156,45954.2
4310000,507590,1.2087,8.50,0.4000,0.8500,0.0000,0.000421,0.000439,-1.253755,0.066163,0.082034,1.1232,156,46061.9
4320000,508755,1.1316,8.42,0.3300,0.8420,0.0000,0.000373,0.000389,-1.303049,0.232828,0.081755,1.1782,156,46169.8
4330000,509923,1.2677,8.60,0.4500,0.8600,0.0000,0.000460,0.000582,-1.267711,-0.199603,0.082242,1.1300,156,46277.6
4340000,511098,1.2606,8.63,0.4400,0.8630,0.0000,0.000410,0.000525,-1.295133,-0.265747,0.082631,1.1552,157,46383.2
4350000,512272,1.1570,8.48,0.3500,0.8480,0.0000,0.000487,0.000442,-1.281100,-0.251680,0.081931,1.1349,158,46487.5
4360000,513443,1.2870,8.70,0.4600,0.8700,0.0000,0.000524,0.000491,-1.279960,0.294646,0.083024,1.1516,158,46591.3
4370000,514612,1.1797,8.51,0.3700,0.8510,0.0000,0.000467,0.000432,-1.330652,-0.081470,0.082342,1.1934,159,46696.0
4380000,515784,1.3015,8.75,0.4700,0.8750,0.0000,0.000503,0.000446,-1.287164,-0.100965,0.082585,1.1481,159,46802.9
4390000,516954,1.2761,8.69,0.4500,0.8690,0.0000,0.000376,0.000459,-1.293168,0.009738,0.082575,1.1606,159,46910.2
4400000,518131,1.1123,8.32,0.3200,0.8320,0.0000,0.000390,0.000411,-1.258289,0.060989,0.082421,1.1281,159,47018.0
4410000,519306,1.2251,8.57,0.4100,0.8570,0.0000,0.000560,0.000420,-1.280447,-0.034841,0.082652,1.1445,159,47125.5
4420000,520482,1.2096,8.51,0.4000,0.8510,0.0000,0.000585,0.000462,-1.281276,0.052869,0.082576,1.1501,159,47233.0
4430000,521655,1.2181,8.71,0.3900,0.8710,0.0000,0.000464,0.000383,-1.312482,-0.312947,0.082534,1.1707,159,47337.4
4440000,522838,1.1497,8.40,0.3500,0.8400,0.0000,0.000439,0.000487,-1.300112,-0.044603,0.083244,1.1616,159,47441.2
4450000,524017,1.2452,8.68,0.4200,0.8680,0.0000,0.000339,0.000288,-1.315426,-0.039052,0.082776,1.1822,159,47545.1
4460000,525184,1.1270,8.37,0.3300,0.8370,0.0000,0.000446,0.000419,-1.326835,-0.230026,0.082902,1.1909,159,47651.1
4470000,526372,1.2115,8.53,0.4000,0.8530,0.0000,0.000391,0.000364,-1.355982,0.058766,0.082736,1.2216,159,47758.3
4480000,527544,1.1998,8.62,0.3800,0.8620,0.0000,0.000384,0.000401,-1.344382,0.073194,0.082518,1.2131,160,47865.5
4490000,528720,1.2724,8.65,0.4500,0.8650,0.0000,0.000475,0.000414,-1.337437,-0.016135,0.082740,1.2044,160,47973.0
4500000,529895,1.1443,8.45,0.3400,0.8450,0.0000,0.000409,0.000536,-1.316420,0.277000,0.082800,1.1859,160,48080.7
4510000,531069,1.1216,8.42,0.3200,0.8420,0.0000,0.000418,0.000455,-1.301154,-0.316641,0.083381,1.1588,160,48185.2
4520000,532253,1.2414,8.53,0.4300,0.8530,0.0000,0.000512,0.000456,-1.331165,-0.297900,0.082717,1.1886,160,48289.2
4530000,533433,1.1606,8.41,0.3600,0.8410,0.0000,0.000362,0.000464,-1.285825,0.027307,0.083544,1.1528,160,48392.9
4540000,534616,1.1770,8.48,0.3700,0.8480,0.0000,0.000531,0.000517,-1.320438,-0.143373,0.083513,1.1809,160,48498.3
4550000,535797,1.1805,8.41,0.3800,0.8410,0.0000,0.000457,0.000525,-1.302093,-0.077663,0.083110,1.1668,160,48605.2
4560000,536981,1.2006,8.52,0.3900,0.8520,0.0000,0.000510,0.000450,-1.294666,-0.173565,0.083772,1.1554,160,48712.7
4570000,538161,1.1161,8.36,0.3200,0.8360,0.0000,0.000387,0.000405,-1.337643,0.076577,0.083497,1.1971,160,48820.5
4580000,539338,1.1352,8.46,0.3300,0.8460,0.0000,0.000445,0.000438,-1.284284,0.164667,0.083485,1.1571,160,48928.5
4590000,540523,1.1742,8.45,0.3700,0.8450,0.0000,0.000395,0.000460,-1.276563,0.153371,0.082865,1.1482,160,49034.2
4600000,541705,1.0797,8.29,0.2900,0.8290,0.0000,0.000370,0.000390,-1.339834,0.264655,0.083695,1.2127,160,49137.1
4610000,542889,1.0898,8.40,0.2900,0.8400,0.0000,0.000427,0.000484,-1.296950,-0.062682,0.083803,1.1574,160,49241.3
4620000,544073,1.1561,8.47,0.3500,0.8470,0.0000,0.000401,0.000450,-1.368145,-0.278383,0.083626,1.2215,160,49345.4
4630000,545272,1.0432,8.11,0.2700,0.8110,0.0000,0.000358,0.000342,-1.291702,0.014636,0.083832,1.1546,161,49451.7
4640000,546454,1.1760,8.47,0.3700,0.8470,0.0000,0.000504,0.000398,-1.295306,-0.149343,0.083622,1.1561,162,49558.8
4650000,547635,1.1725,8.54,0.3600,0.8540,0.0000,0.000479,0.000395,-1.333527,-0.066270,0.084144,1.1840,162,49665.9
4660000,548832,1.1087,8.28,0.3200,0.8280,0.0000,0.000466,0.000453,-1.282782,-0.082428,0.083428,1.1412,163,49773.8
4670000,550015,1.1443,8.45,0.3400,0.8450,0.0000,0.000351,0.000386,-1.332429,-0.004782,0.083624,1.1960,163,49880.8
4680000,551204,1.1415,8.42,0.3400,0.8420,0.0000,0.000497,0.000459,-1.312996,0.133758,0.083766,1.1826,164,49984.8
4690000,552393,1.1461,8.47,0.3400,0.8470,0.0000,0.000459,0.000429,-1.289446,-0.015847,0.083386,1.1542,165,50088.6
4700000,553577,1.2369,8.59,0.4200,0.8590,0.0000,0.000359,0.000376,-1.354252,0.051408,0.083364,1.2235,166,50192.6
4710000,554774,1.0878,8.27,0.3000,0.8270,0.0000,0.000386,0.000424,-1.283679,0.115727,0.083637,1.1494,166,50298.2
4720000,555966,1.1985,8.39,0.4000,0.8390,0.0000,0.000417,0.000441,-1.310436,-0.048503,0.082990,1.1705,167,50405.1
4730000,557153,1.0978,8.27,0.3100,0.8270,0.0000,0.000395,0.000435,-1.312814,-0.182743,0.083295,1.1706,167,50512.8
4740000,558336,1.2468,8.59,0.4300,0.8590,0.0000,0.000481,0.000524,-1.308935,-0.153981,0.083116,1.1655,167,50620.3
4750000,559526,1.2233,8.55,0.4100,0.8550,0.0000,0.000429,0.000463,-1.291404,0.230000,0.083315,1.1632,167,50728.2
4760000,560721,1.0943,8.34,0.3000,0.8340,0.0000,0.000560,0.000418,-1.309282,-0.323285,0.083074,1.1602,167,50834.0
4770000,561904,1.2061,8.58,0.3900,0.8580,0.0000,0.000400,0.000465,-1.332897,-0.022386,0.083207,1.2003,168,50938.1
4780000,563093,1.1316,8.42,0.3300,0.8420,0.0000,0.000406,0.000402,-1.323275,-0.226256,0.083082,1.1832,168,51041.8
4790000,564278,1.1733,8.55,0.3600,0.8550,0.0000,0.000714,0.000487,-1.284521,-0.142319,0.083385,1.1458,168,51145.6
4800000,565455,1.2659,8.58,0.4500,0.8580,0.0000,0.000472,0.000449,-1.285411,0.160332,0.083751,1.1524,168,51252.0
4810000,566640,1.1087,8.28,0.3200,0.8280,0.0000,0.000385,0.000442,-1.267545,0.285030,0.083495,1.1416,168,51359.4
4820000,567821,1.1380,8.49,0.3300,0.8490,0.0000,0.000390,0.000458,-1.315689,-0.184029,0.083405,1.1734,168,51466.6
4830000,569012,1.1524,8.43,0.3500,0.8430,0.0000,0.000508,0.000459,-1.257053,-0.143232,0.083412,1.1193,169,51574.4
4840000,570206,1.1243,8.45,0.3200,0.8450,0.0000,0.000395,0.000467,-1.283825,0.154881,0.083839,1.1563,170,51680.9
4850000,571397,1.0760,8.25,0.2900,0.8250,0.0000,0.000392,0.000474,-1.329958,-0.006093,0.083320,1.1926,170,51785.2
4860000,572569,1.2216,8.64,0.4000,0.8640,0.0000,0.000376,0.000425,-1.322569,0.088278,0.083873,1.1856,171,51889.3
4870000,573754,1.1325,8.43,0.3300,0.8430,0.0000,0.000381,0.000447,-1.284895,0.110596,0.082858,1.1498,171,51992.9
4880000,574941,1.2351,8.57,0.4200,0.8570,0.0000,0.000451,0.000446,-1.284010,0.193531,0.083317,1.1519,171,52097.6
4890000,576136,1.1206,8.41,0.3200,0.8410,0.0000,0.000409,0.000507,-1.328363,-0.232642,0.082299,1.1847,171,52204.5
4900000,577317,1.1878,8.49,0.3800,0.8490,0.0000,0.000425,0.000440,-1.344039,-0.259360,0.082739,1.2026,171,52312.0
4910000,578496,1.2260,8.58,0.4100,0.8580,0.0000,0.000343,0.000388,-1.309924,0.091355,0.082863,1.1810,171,52419.4
4920000,579679,1.1997,8.51,0.3900,0.8510,0.0000,0.000362,0.000378,-1.336495,-0.092284,0.082849,1.1984,171,52526.1
4930000,580857,1.2615,8.64,0.4400,0.8640,0.0000,0.000444,0.000514,-1.290960,0.125600,0.082914,1.1554,171,52630.1
4940000,582047,1.0869,8.26,0.3000,0.8260,0.0000,0.000486,0.000394,-1.335770,0.020218,0.082643,1.2010,171,52733.3
4950000,583228,1.1353,8.46,0.3300,0.8460,0.0000,0.000404,0.000363,-1.252365,-0.041523,0.082862,1.1220,171,52837.2
4960000,584401,1.1424,8.43,0.3400,0.8430,0.0000,0.000396,0.000421,-1.294328,0.049157,0.082953,1.1590,171,52941.4
4970000,585576,1.2279,8.60,0.4100,0.8600,0.0000,0.000457,0.000416,-1.301082,0.221889,0.082960,1.1720,171,53047.8
4980000,586749,1.1424,8.43,0.3400,0.8430,0.0000,0.000422,0.000507,-1.301375,-0.107828,0.082700,1.1617,171,53155.0
4990000,587923,1.1788,8.50,0.3700,0.8500,0.0000,0.000349,0.000426,-1.319496,0.283120,0.082568,1.1986,171,53262.7
5000000,589101,1.0606,8.30,0.2700,0.8300,0.0000,0.000450,0.000478,-1.286357,0.146723,0.082704,1.1587,171,53369.4
